Participant_ID,Distinct_Program_Count
46842888,3
46843252,1
46843305,1
46843348,1
46843349,2
46843398,1
46843808,2
46843825,2
46843828,1
46843859,2
46843869,1
46843888,1
46844454,1
46844856,1
46845067,1
46845494,1
46846077,1
46846095,1
46846158,1
46846606,2
46847012,16
46847083,1
46847639,1
46848314,3
46848575,1
46848601,2
46848682,2
46848962,10
46848990,2
46849073,2
46849096,1
46849197,1
46850110,1
46850177,1
46850621,2
46850784,1
46850944,1
46850986,2
46851292,1
46851350,2
46851668,2
46851696,1
46851954,1
46852363,2
46852396,1
46852494,1
46852831,1
46852855,1
46853709,1
46853895,1
46853927,1
46854059,1
46854290,2
46854679,1
46854847,1
46855204,1
46855688,1
46855710,1
46855793,2
46856099,4
46856121,1
46856130,4
46856144,1
46856213,1
46856222,1
46856271,2
46856278,1
46856321,1
46856497,5
46856557,1
46856759,1
46857181,2
46857186,1
46857373,1
46857421,2
46857724,2
46857740,1
46857758,1
46857834,15
46857910,2
46858120,1
46858126,2
46858392,1
46858397,2
46858843,1
46858930,1
46858962,1
46858992,1
46859018,1
46859030,1
46859307,1
46859347,1
46859410,1
46859411,1
46860241,1
46860420,1
46861070,1
46861804,22
46861904,1
46861938,1
46861947,1
46862005,1
46862041,1
46862331,1
46862359,1
46862430,1
46862518,1
46862978,1
46862989,1
46863022,2
46863077,1
46863147,1
46863176,1
46863178,3
46863232,1
46863487,1
46863515,1
46863571,3
46864039,1
46864094,3
46864506,2
46864547,1
46864631,2
46864770,6
46864810,1
46864830,1
46864840,1
46865216,3
46865225,1
46865359,1
46865367,1
46865413,1
46865527,1
46865675,1
46865681,1
46866159,2
46866189,1
46866228,2
46866259,1
46866295,1
46866297,1
46866343,1
46866602,1
46866869,5
46866877,1
46866889,1
46867140,11
46867147,1
46867236,2
46867481,1
46867626,1
46867820,2
46867838,3
46867944,2
46867952,2
46867974,1
46868024,1
46868027,1
46868488,1
46868505,1
46868514,1
46868566,1
46868601,1
46868638,1
46868788,1
46868900,5
46868955,1
46868962,1
46868996,2
46869126,1
46869166,1
46869204,1
46869531,3
46869560,1
46869566,1
46869571,1
46869647,1
46869656,1
46869856,1
46870550,1
46870584,1
46870585,1
46870622,1
46870641,1
46870683,1
46870729,1
46871021,1
46871067,1
46871123,2
46871146,1
46871227,1
46871535,1
46871552,1
46871585,1
46871661,2
46871689,2
46871778,1
46872027,1
46872115,1
46872155,1
46872664,1
46872666,1
46872683,1
46872695,1
46872724,1
46872826,1
46872848,5
46872961,1
46872993,1
46873066,1
46873375,1
46873595,1
46873706,1
46874082,1
46874195,1
46874204,1
46875178,1
46875282,5
46875301,1
46875342,1
46875344,1
46875363,1
46875410,1
46875412,4
46875415,3
46875780,1
46875806,1
46875822,1
46876069,1
46876799,4
46876879,2
46876883,2
46876927,1
46876973,1
46876991,6
46877014,1
46877017,1
46877315,1
46877330,1
46877420,2
46877468,1
46877482,1
46877683,2
46877766,1
46878126,1
46878330,1
46878458,1
46878514,1
46878543,2
46878556,10
46878608,1
46878634,2
46878828,1
46878841,1
46878864,1
46878903,1
46878926,2
46879232,2
46879323,1
46879337,1
46879343,1
46879480,1
46879488,1
46879489,1
46879516,1
46879526,1
46879527,4
46879865,3
46879866,1
46881348,1
46882582,1
46883041,2
46883053,1
46883264,1
46883369,1
46883802,1
46883837,2
46883856,3
46884288,1
46884418,3
46884481,1
46884497,1
46884509,1
46884524,1
46884526,2
46884546,1
46884705,1
46884749,1
46884758,3
46884760,1
46885414,1
46885437,1
46885457,2
46885478,1
46885507,1
46885512,1
46885524,1
46885578,1
46885746,1
46885769,1
46885803,6
46885852,1
46885854,1
46886683,1
46886714,2
46886737,1
46886753,4
46886766,1
46886790,1
46886798,1
46886823,1
46886827,1
46886856,1
46887178,2
46887321,4
46887361,1
46887434,1
46887862,1
46888803,1
46889250,1
46889262,1
46889300,2
46889358,2
46889421,1
46889438,1
46889928,1
46890353,1
46890513,1
46890828,1
46890939,3
46890980,2
46890986,1
46890991,1
46891003,1
46891066,1
46891098,1
46891897,1
46891989,2
46892101,1
46892821,1
46892864,2
46893082,1
46893469,2
46893706,2
46893742,1
46894163,1
46894168,19
46894320,2
46894801,1
46894961,1
46895808,2
46896188,1
46896461,1
46896561,1
46896750,1
46897274,1
46897422,1
46897487,1
46897549,4
46897577,1
46897874,1
46898292,2
46898319,1
46898453,1
46898738,1
46898818,1
46898869,2
46899499,1
46899585,1
46899615,1
46899890,1
46900269,1
46900329,1
46900770,1
46901050,2
46901108,2
46901198,1
46903631,1
46904225,1
46904597,2
46905255,1
46906175,1
46906440,2
46906790,1
46907262,1
46907807,2
46908175,1
46908206,1
46908729,1
46909753,1
46909858,1
46910061,1
46910286,1
46990945,1
46991083,2
47027338,1
47027379,1
47027386,1
47228286,1
47255849,1
47283620,1
47333793,1
47343704,10
47346915,7
47363253,1
47400264,1
47411223,1
47411254,2
47433624,1
47433636,1
47433658,2
47433659,1
47440447,1
47440470,1
47444510,1
47513499,1
47577793,3
47600251,1
47627212,2
47685963,1
47728952,1
47745654,3
47793648,1
47814984,1
47835429,1
47878255,2
48068072,1
