Participant_ID,Classes_Attended
46862359,1
46858392,1
47027338,1
46862041,1
46889250,1
46851292,1
46889262,1
46884524,1
46868601,1
47728952,1
46851696,1
46871146,1
46865675,1
46875344,1
47400264,1
46866877,1
46872666,1
46874195,1
46843348,1
46868505,1
46856222,1
46875780,1
46862978,1
46862518,1
46850944,1
46885769,1
46890991,1
46856130,1
46848575,1
46885437,1
46860420,1
46856759,1
46850177,1
46887862,1
46887434,1
46883264,1
47433624,1
46843828,1
46865359,1
46865367,1
46876973,1
47835429,1
46850784,1
47433636,1
47513499,1
46884760,1
46891003,1
46888803,1
46864830,1
46855688,1
46858843,1
46881348,1
47440447,1
46885414,1
46871021,1
46868962,1
46864840,1
46887361,1
47685963,1
47255849,1
46870729,1
46846077,1
46878841,1
46870641,1
46868566,1
46870585,1
46862331,1
46886827,1
46886823,1
46866297,1
46851954,1
46878543,1
46853895,1
46884546,1
46861947,1
46885478,1
46862989,1
46869166,1
47283620,1
46886798,1
46886790,1
46886766,1
46890828,1
46878514,1
46878458,1
46861938,1
46874204,1
46868027,1
46845494,1
46878126,1
47793648,1
46875363,1
47363253,1
46859411,1
46859347,1
46849096,1
46869566,1
46871585,1
46904225,1
46885746,1
46870622,1
46861070,1
46879489,1
46890513,1
48068072,1
46854679,1
46865681,1
46891066,1
46870584,1
46843869,1
46886856,1
46878608,1
46884749,1
46884509,1
46847639,1
46884497,1
46884481,1
46843305,1
46863515,1
46869656,1
46847083,1
46867481,1
46844856,1
46877468,1
46869204,1
46871227,1
46885524,1
46885512,1
47600251,1
46879323,1
46883369,1
46871067,1
46891098,1
46878828,1
46878864,1
46879516,1
46875822,1
46875806,1
46857373,1
46859410,1
46869647,1
46865413,1
46871552,1
46883802,1
46863232,1
46863176,1
46846158,1
46859030,1
46866602,1
46875410,1
46879488,1
46879480,1
46852855,1
46852831,1
46858962,1
46875342,1
46858930,1
46885507,1
46856557,1
46877315,1
46870550,1
